Filename,Run Count,Last Run Date
"C:\Users\Toshiba PC\Desktop\2016 - 12\Boku no Hero Academia  OST\01 - You Say Run .mp3",63,131264278775857460
"C:\Users\Toshiba PC\Downloads\Music\Boku no Hero Academia  Original Soundtrack\01 - You Say Run .mp3",62,131256628658999702
"X:\Dropbox\Music\2016 - 01\One Punch Man OST - 01 - THE HERO !! ~Ikareru Kobushi ni Hi wo Tsukero~ (TV Size).mp3",41,131263406062739821
"C:\Users\Toshiba PC\Downloads\Music\Furi\Furi Original Soundtrack - 05 - Waveshaper - Wisdom of rage.mp3",41,131243802772029878
"C:\Users\Toshiba PC\Downloads\Music\Furi\Furi Original Soundtrack - 02 - Danger - Danger 624.mp3",24,131257320439221420
"X:\Dropbox\Music\2016 - 05\BABYMETAL - Babymetal - 04 - Ii ne!.mp3",22,131263406914566346
"X:\Dropbox\Music\2015 - 08\Deafheaven - Sunbather - 01 Dream House.mp3",21,131264278932772680
"X:\Dropbox\Music\2016 - 04\Fairy Tail - Erza's theme.mp3",18,131245590385112341
"X:\Dropbox\Music\2016 - 02\12 - Brothers In Arms.mp3",17,131238306079448867
"X:\Videos\Movies\Korean Movies\Nameless Gangster.mp4",13,131263745045900233
"C:\Users\Toshiba PC\Downloads\Video\Naruto Shippuuden (Sub) Episode 477 - Watch Naruto Shippuuden (Sub) Episode 477 online in high quality.MP4",10,131267037517383542
"C:\Users\Toshiba PC\Downloads\Video\Haunted Elevator - SNL - EachVideo.com.MP4",10,131241322563101818
"X:\Dropbox\Music\2016 - 01\One Punch Man OST - 05 - The cyborg fights.mp3",9,131237106719664678
"X:\Dropbox\Music\2014 - 12\01. Attack on Titan.mp3",8,131257352207282491
"C:\Users\Toshiba PC\Downloads\Video\Jiro Dreams of Sushi.mp4",8,131253112026577877
"C:\Users\Toshiba PC\Desktop\Shokugeki no Soma OST\Shokugeki no Soma OST - 26 - Welcome to the Gourmet Food World! .mp3",7,131254778555721889
"C:\Users\Toshiba PC\Desktop\Shokugeki no Soma OST\Shokugeki no Soma OST - 30 - Food Battle Start! .mp3",7,131254407911636895
"C:\Users\Toshiba PC\Downloads\Music\Pirates of the Caribbean - Captain Jack Sparrow Entrance - Isolated Score Soundtrack.mp3",7,131238307757261726
"X:\Dropbox\Music\2016 - 12\Tyurgen Kam - Grandfather Song.mp3",6,131270630143681422
"X:\Dropbox\Music\2016 - 02\Interstellar - No Time For Caution.mp3",6,131256628992031917
"X:\Dropbox\Music\2015 - 04\Gareth Coker - 32 - Light of Nibel.mp3",6,131253123440202505
"C:\Users\Toshiba PC\Downloads\Music\Wonder Girls - Tell Me.mp3",6,131236923956705107
"C:\Users\Toshiba PC\Desktop\Deezloader\mp3\L'orchestra Cinematique - Flying (From _The Tale of Princess Kaguya_).mp3",6,131216002097032086
"X:\Dropbox\Music\2014 - 09\Fairy Tail-Dragon Force (04min).mp3",6,131210332910840769
"C:\Users\Toshiba PC\Desktop\VNC-Viewer-6.0.1-Windows-64bit.exe",5,131267904313000907
"X:\Dropbox\Music\2014 - 12\Kensuke Ushio - Ping Pong The Animation Soundtrack - 19 - Dragon.mp3",5,131263405979080182
"C:\Users\Toshiba PC\Downloads\Video\Shin Godzilla - Theatrical Trailer.mp4",5,131263402491612024
"X:\Videos\Movies\Korean Movies\The New World (2013).MP4",5,131260069181005546
"C:\Users\Toshiba PC\Desktop\Mega\Kyle Dixon & Michael Stein - Stranger Things Vol. 1 OST (2016)\24. No Weapons.mp3",5,131248892615525543
"X:\Dropbox\Music\2015 - 08\05 Vertigo.mp3",5,131244457016267881
"X:\Dropbox\Music\2016 - 02\Suiyobi No Campanella - Ono Imoko.mp3",5,131233718411322648
"X:\Dropbox\Music\2014 - 09\Yajuu no Chi.mp3",5,131231936189749740
"C:\Users\Toshiba PC\Downloads\Video\How to Create a City in Blender - YouTube.MKV",5,131199456030746363
"X:\Dropbox\Public\configs\vim\.vim\dein\repos\github.com\SirVer\ultisnips",4,131273880101609984
"X:\Dropbox\Music\2015 - 09\Pachelbel Canon in D.mp3",4,131271630096436089
"C:\Users\Toshiba PC\Downloads\Video\Steven Spielberg vs Alfred Hitchcock. Epic Rap Battles of History. - YouTube.MKV",4,131267247523544647
"C:\Users\Toshiba PC\Downloads\Video\BABYMETAL - いいね！- Iine! - Live in TOKYO 2012 - YouTube.MKV",4,131263756537595672
"X:\Dropbox\Music\2016 - 06\Ramin Djawadi - Light of the Seven.mp3",4,131263403379427854
"C:\Users\Toshiba PC\Downloads\Video\Shin Gojira - Trailer.mkv",4,131263402328102679
"C:\Users\Toshiba PC\Downloads\Compressed\Taboo.New.Sister.2016.Uncut-HDRip.mp4",4,131253102683934695
"X:\Dropbox\Photos\Personal Details\Vivek.Bose.PASSPORTBACK.jpg",4,131243888113502227
"C:\Users\Toshiba PC\Downloads\Video\Blender Tutorial- Robot Dog Animation Part 1 - Modeling - YouTube.MKV",4,131231939525390417
"C:\Users\Toshiba PC\Downloads\Video\Category Theory 4.1- Terminal and initial objects - YouTube.MP4",4,131217976312014776
"C:\Users\Toshiba PC\Downloads\Video\Shokugeki no Soma\Shokugeki no Soma - S1E10.mp4",3,131269753844261935
"X:\Videos\Misc\Vim\Fugitive\Fugitive 4.mp4",3,131264303125027953
"X:\Videos\Misc\Animation\Sword of the Stranger - Final Fight [BluRay,720pHD] - YouTube.MKV",3,131263757278135698
"X:\Dropbox\Music\2016 - 11\Shokugeki no Soma OST 1 - 30 - Food Battle Start! .mp3",3,131263740074912566
"X:\Dropbox\Music\2015 - 08\Kensuke Ushio - Ping Pong The Animation Extra Soundtrack - 01 - Hero Theme (Full Ver.).mp3",3,131263406117041914
"C:\Program Files\Handbrake\Handbrake.exe",3,131258231305222835
"X:\Videos\Archive\Running Man\061 - 080\Running Man 061 (china) - Kang Jiyoung, Kim Joohyuk, Lee Yeonhee -- KShowOnline.com.MP4",3,131253082464774599
"C:\Users\Toshiba PC\Desktop\Shokugeki no Soma OST\Shokugeki no Soma OST (Vol.2) - 31 - Food War Outbreak!!.mp3",3,131251774826902622
"X:\Dropbox\python\Webscraping\KoreanMovieLinkGetter\src\main.py",3,131246976701164660
"C:\Users\Toshiba PC\Desktop\pwc.txt",3,131244836258378154
"X:\Dropbox\Photos\Personal Details\Aadhar- Password - 110016.pdf",3,131244416508323748
"X:\Dropbox\Photos\Personal Details\Vivek.Bose.PASSPORTFRONT.jpg",3,131243888086751250
"X:\Dropbox\Music\2015 - 12\Yung Lean - Kyoto.mp3",3,131240656970127336
"C:\Users\Toshiba PC\Downloads\Video\Natalie Portman rap uncensored - YouTube_2.MKV",3,131237760994331926
"C:\Users\Toshiba PC\Desktop\Shokugeki no Soma ORIGINAL SOUNDTRACK 1\Shokugeki no Soma OST - 30 - Food Battle Start! .mp3",3,131237109179723926
"C:\Users\Toshiba PC\Desktop\Shokugeki no Soma ORIGINAL SOUNDTRACK 1\Shokugeki no Soma OST - 29 - This World's Wonderful Delicious Flavour .mp3",3,131237107248689151
"C:\Users\Toshiba PC\Downloads\Video\My Clips\Jiro Dreams Of Sushi - Genius Montage.mp4",3,131233039068437185
"C:\Users\Toshiba PC\Desktop\Building real-world applications with `asyncio` - YouTube.MKV",3,131217848490671487
"C:\Users\Toshiba PC\Downloads\Music\Red Velvet - Russian Roulette uploaded by Kel _ Mel Reviews - Listen _ Audiomack.mp3",3,131215263418026154
"X:\Dropbox\Music\2014 - 12\Ocean Spirit.mp3",3,131210324126500276
"X:\Videos\Misc\Dance\PSY - Daddy - Rehearsal.MP4",3,131209753831379964
"X:\Dropbox\Music\2016 - 03\Beethoven - Ode To Joy (Flash Mob).mp3",3,131209275132163134
"X:\Dropbox\Music\2016 - 04\Copilot Strategic Sound + Music - Drunken Whaler.mp3",3,131199424738493825
"C:\Users\Toshiba PC\Downloads\Video\The host of WrestleMania 27 is announced- WWE Raw - YouTube.MKV",2,131272930450604723
"C:\Users\Toshiba PC\Desktop\m\The Psychology of Human Misjudgment.html",2,131271628494378511
"X:\Dropbox\Music\2016 - 04\Pokemon - Route 110 (Extended).mp3",2,131270822118385537
"C:\Users\Toshiba PC\Desktop\Avatar - The Last Airbender 2x15 REACTION!! 'Tales of Ba Sing Se'-MoVR5UQmD0A.mp4",2,131270805521279002
"C:\Users\Toshiba PC\AppData\Roaming\IDM\tron\resources\stage_0_prep\check_update\wget.exe",2,131269594881435902
"X:\Dropbox\Public\configs\vim\.vim\dein\repos\github.com\unblevable\quick-scope",2,131266422579557688
"X:\Dropbox\Music\2014 - 12\Last Agni Kai.mp3",2,131262217994431889
"C:\Users\Toshiba PC\Downloads\Music\Naruto OST 1 - 22 - Tragic.mp3",2,131262210951196983
"X:\Dropbox\Music\2016 - 03\Dj Doc - Run To You.mp3",2,131262188163354190
"X:\Videos\Misc\Vim\Fugitive\backup\fugitive_5.ogv",2,131261850539184451
"X:\Dropbox\Public\configs\vim\.vim\plugged\targets.vim\plugin\targets.vim",2,131261696204079261
"X:\Videos\Misc\Vim\Fugitive\Fugitive 1.mp4",2,131261657763222589
"X:\Dropbox\Music\2016 - 06\Jang Ki-ha and the Faces - I Heard a Rumour.mp3",2,131261148192530999
"C:\Program Files\cmder\Cmder.exe",2,131260033167037202
"C:\Program Files (x86)\Glary Utilities 5\cmm.exe",2,131258221344374569
"C:\Users\Toshiba PC\Downloads\Video\Swiss.Army.Man.2016.720p.BluRay.x264.850MB-Pahe.in.mkv",2,131257671845378704
"X:\Videos\Movies\Kaguya-hime no Monogatari.MP4",2,131257331485894438
"C:\Users\Toshiba PC\Downloads\Video\Watch Pirates Of The Caribbean_ The Curse Of The Black Pearl (Movie 2003) [HD 1080p] _ Free Online Movie Streaming_3.MP4",2,131255743329410485
"C:\Users\Toshiba PC\Desktop\Economics\Shreya Notes - 3 - Economics (After mid 2 to compre).pdf",2,131255250021520970
"C:\Users\Toshiba PC\Desktop\Google Drive\My Clips\Kakashi vs Obito.mp4",2,131254709053313070
"C:\Users\Toshiba PC\Desktop\Shokugeki no Soma OST\Shokugeki no Soma OST - 07 - Study Both Sweet and Sour! .mp3",2,131254402385829238
"C:\Users\Toshiba PC\Desktop\WI - Report.docx",2,131254083519422879
"X:\Dropbox\Public\configs\vim\.vim\autoload\pathConverter.vim",2,131253473590675598
"X:\Dropbox\Music\2014 - 09\Dragonborn.mp3",2,131253126719515470
"C:\Users\Toshiba PC\Downloads\Compressed\2016-30-11 - 5 -The.Influence.of.Sex.on.Dieting.2016.720p.HDRip.mp4",2,131253099630743943
"C:\Users\Toshiba PC\Downloads\Compressed\2016-30-11 - 2 -Sister.In.Laws.Dream.2016.720p.HDRip.mp4",2,131252663798458396
"C:\Users\Toshiba PC\Desktop\Shokugeki no Soma OST\Shokugeki no Soma OST (Vol.2) - 03 - The Cook Who Raced 10 Thousands of Miles .mp3",2,131251489998175067
"C:\Users\Toshiba PC\Desktop\Shokugeki no Soma OST\Shokugeki no Soma OST - 05 - Rice, Sides, It's A Feast! .mp3",2,131251489952431473
"C:\Users\Toshiba PC\Downloads\Video\Shokugeki no Souma Episode 002 - Watch Shokugeki no Souma Episode 002 online in high quality.MP4",2,131251487155629541
"X:\Dropbox\python\Webscraping\KoreanMovieLinkGetter\results\2016-11-25.html",2,131249670050431190
"C:\Users\Toshiba PC\Downloads\Documents\CG Paper.pdf",2,131248947522528308
"X:\Dropbox\python\Webscraping\KoreanMovieLinkGetter\src\get_html.py",2,131248337733708460
"C:\Users\Toshiba PC\Downloads\Compressed\Freesia v02.cbr",2,131246177469493660
"X:\Dropbox\Music\2016 - 02\DMX - X Gon' Give It To Ya-.mp3",2,131245558672837084
"X:\Dropbox\Music\2015 - 09\TheFatRat - Unity.mp3",2,131238535734741745
"C:\Users\Toshiba PC\Desktop\Mega\Westworld.S01E04.Dissonance.Theory.1080p.HBO.WEBRip.DD5.1.H.264-monkee.mkv",2,131237648237847694
"C:\Users\Toshiba PC\Downloads\Video\Shokugeki no Souma Episode 023 - Watch Shokugeki no Souma Episode 023 online in high quality_2.MP4",2,131237116495187821
"C:\Users\Toshiba PC\Desktop\Shokugeki no Soma ORIGINAL SOUNDTRACK 1\Shokugeki no Soma OST - 26 - Welcome to the Gourmet Food World! .mp3",2,131237114653236820
"C:\Users\Toshiba PC\Desktop\Shokugeki no Soma ORIGINAL SOUNDTRACK 1\Shokugeki no Soma OST - 25 - The Secret Ingredient Called Victory .mp3",2,131237114609230483
"C:\Users\Toshiba PC\Downloads\Video\Shokugeki no Souma Episode 006 - Watch Shokugeki no Souma Episode 006 online in high quality.MP4",2,131235924436677059
"C:\Users\Toshiba PC\Downloads\Video\Shokugeki no Souma Episode 016 - Watch Shokugeki no Souma Episode 016 online in high quality.MP4",2,131235808797254033
"C:\Users\Toshiba PC\Downloads\Video\Shokugeki no Souma Episode 003 - Watch Shokugeki no Souma Episode 003 online in high quality.MP4",2,131233250111416548
"X:\Dropbox\Music\2015 - 03\24 Greatest Change.mp3",2,131232225547066138
"X:\Dropbox\Music\2015 - 03\Ylvis - The Fox [Official music video HD].mp3",2,131231938645670193
"C:\Users\Toshiba PC\AppData\Roaming\Microsoft\Windows\Recent\Jiro Dreams of Sushi.mp4.lnk",2,131231735015497084
"C:\Users\Toshiba PC\Desktop\blender-2.77a-windows64\blender.exe",2,131230885574720598
"C:\Users\Toshiba PC\Desktop\ML.pdf",2,131230606138106037
"C:\Users\Toshiba PC\Downloads\Video\Category Theory 4.2- Products - YouTube.MKV",2,131218454157713268
"C:\Users\Toshiba PC\Downloads\Music\todo\2016 - 04\Yasuharu Takanashi - Erza's theme.mp3",2,131215223424404291
"C:\Users\Toshiba PC\Downloads\Video\Category Theory 2.1- Functions, epimorphisms - YouTube_2.MKV",2,131213349630006386
"C:\Users\Toshiba PC\Downloads\Music\Desiigner - Panda.mp3",2,131213261605691802
"C:\Users\Toshiba PC\Downloads\Video\Inside AWESOME! - Episode 2 - YouTube.MKV",2,131212689636258585
"X:\Dropbox\python\ReverseKNN\raw\data.csv",2,131209989396670317
"C:\Users\Toshiba PC\Downloads\Video\Creating a Google Cardboard VR app in Unity [RNDBITS-018] - YouTube.MKV",2,131207594442822317
"X:\Dropbox\Music\2016 - 01\One Punch Man OST - 02 - Theme of ONE PUNCH MAN ~Seigi Shikkou~.mp3",2,131196976038360093
"X:\Dropbox\Music\2014 - 09\Kakugo.mp3",2,131196266601057342
"C:\Users\Toshiba PC\Downloads\Video\Korean Movies",2,131193689646727810
"C:\Users\Toshiba PC\Desktop\VP04\Veep.S04E01.HDTV.x264-KILLERS.mp4",2,131193008695926293
"C:\Users\Toshiba PC\Downloads\Documents\bitcoin.pdf",2,131193006681994481
"C:\Program Files (x86)\Google\Drive\googledrivesync.exe",1,131273870472601570
"C:\Users\Toshiba PC\Desktop\Blender Character Creation (E01- Introduction).mp4",1,131273217040527079
"X:\Dropbox\Music\2016 - 12",1,131273203957246696
"X:\Dropbox\Spreadsheets\Mumbai Houses.xlsx",1,131272895604559691
"X:\Dropbox\Music\2016 - 12\Ghost in the Shell OST - Making a Cyborg.mp3",1,131270813722745777
"C:\Users\Toshiba PC\Downloads\Video\How To Light For Darkness! - YouTube.MP4",1,131269664004917188
"X:\Dropbox\Music\2015 - 04\High Above The Land (Arranged).mp3",1,131269442980471205
"X:\Dropbox\powershell_scripts",1,131269371505995179
"X:\Dropbox\Shared Music\hello from ankit (1).txt",1,131268919217633682
"X:\Dropbox\Public\configs",1,131267662440020920
"C:\Users\Toshiba PC\Desktop\One Summer's Day - Spirited Away [Piano Tutorial] (Synthesia)-gPhRvw4aIRg.mp4",1,131267250736069837
"C:\Users\Toshiba PC\Downloads\Video\Ashwin Enjoys Nature Episode 4 - Camping Tips for Beginners - YouTube.MP4",1,131267241693547365
"C:\Users\Toshiba PC\Desktop\Google Drive\My Clips\Naruto Shippuuden 477 - Fistbump.mp4",1,131267036803785693
"X:\Dropbox\Docs\Excel\Unreal Engine.xlsx",1,131266937164579142
"C:\Users\Toshiba PC\Downloads\Programs\rufus-2.11_2.exe",1,131266433140424671
"X:\Music & Code\Linux Distros\NOOBS_v1_4_1.zip",1,131266431540350325
"C:\Users\Toshiba PC\Downloads\Video\SNL Digital Short- Natalie Raps - Saturday Night Live - YouTube.MKV",1,131265328428740333
"C:\Users\Toshiba PC\Desktop\2016 - 12\Furi OST\Furi Original Soundtrack - 02 - Danger - Danger 624.mp3",1,131263761792471085
"C:\Users\Toshiba PC\Desktop\2016 - 12\Singles\Pirates of the Caribbean - Captain Jack Sparrow Entrance - Isolated Score Soundtrack.mp3",1,131263752642001875
"C:\Users\Toshiba PC\Downloads\Video\Shokugeki no Soma\Shokugeki no Soma - S2E13.mp4",1,131263382441725367
"C:\Users\Toshiba PC\Desktop\2016 - 12\Kimi no Na wa. Original Soundtrack  RADWIMPS",1,131263378182087876
"X:\Videos\Movies\Korean Movies\A Dirty Carnival Movie - Watch A Dirty Carnival Movie online in high quality.MP4",1,131262587183795402
"C:\Users\Toshiba PC\Downloads\Video\Shokugeki no Soma\Shokugeki no Soma - S1E22.mp4",1,131262586460445970
"C:\Users\Toshiba PC\Downloads\Compressed\Imouto no Oppai ga Marudashi Datta Hanashi - Imgur.cbr",1,131262569946395647
"C:\Users\Toshiba PC\Downloads\Compressed\Album M5Tag - Imgur.cbr",1,131262568673250917
"C:\Users\Toshiba PC\Downloads\Video\Shokugeki no Soma\Shokugeki no Soma - S2E05.mp4",1,131262567932741664
"X:\Dropbox\Music\2014 - 12\Kensuke Ushio - Ping Pong The Animation Extra Soundtrack - 03 - China (Full Ver.).mp3",1,131262222514858347
"X:\Dropbox\Music\2016 - 12\Wess Meets West - We Marvel At Man's Machines.mp3",1,131262212659078354
"X:\Dropbox\Public\configs\vim\.vim\dein\repos\github.com\tpope\vim-repeat",1,131261093956415994
"C:\Program Files (x86)\Vim\vim80\gvim.exe",1,131260262869289624
"X:\Dropbox\Public\configs\vim\.vim\dein\.cache\_vimrc\.dein\plugin\buftabline.vim",1,131259628608455482
"X:\Dropbox\Public\configs\vim\.vim\dein\repos\github.com\ap\vim-buftabline\plugin\buftabline.vim",1,131259628527121558
"X:\Dropbox\Public\configs\vim\.vim\plugged\delimitMate\doc\delimitMate.txt",1,131259597332924077
"X:\Dropbox\Public\configs\vim\.vim\plugged\vim-vertigo\doc\vertigo.txt",1,131259596371883459
"X:\Dropbox\Public\configs\vim\.vim\dein\repos\github.com\Shougo\dein.vim\doc\dein.txt",1,131259555053461455
"X:\Dropbox\Public\configs\vim\.vim\plugged\tcomment_vim\autoload\tcomment.vim",1,131259527721884846
"C:\Users\Toshiba PC\Desktop\Berlin\Full Episode - Weds. 12_7 - Conan In Berlin-97879-480p.mp4",1,131259322620794657
"C:\Users\Toshiba PC\Downloads\Compressed\Kubo.And.The.Two.Strings.2016.BDRip.x264-GECKOS_snahp.it.mkv",1,131259141705319892
"C:\Users\Toshiba PC\Downloads\Video\My Clips\Ama6-5.mp4",1,131258244480578882
"C:\Program Files\PDFescape Desktop\escape.exe",1,131258223959595811
"C:\Users\Toshiba PC\Downloads\Programs\PDFescape_Desktop_Installer.exe",1,131258223835180448
"C:\Program Files\PDFescape Desktop",1,131258223279134709
"C:\Program Files\Easy Context Menu\EcMenu.exe",1,131258221700029792
"C:\Users\Toshiba PC\Downloads\Programs\ConTEXTv0_986.exe",1,131258220423772509
"C:\Users\Toshiba PC\Downloads\Video\My Clips\Fugitive 1-1.mp4",1,131258196514330864
"X:\Dropbox\Music\2016 - 12\Naruto OST 3 - The Road Continues.mp3",1,131257908070758435
"X:\Dropbox\Music\2016 - 12\Naruto OST 1 - Scene of a Disaster.mp3",1,131257898657089905
"X:\Dropbox\Music\2016 - 12\Black Cat OST - 21 - Yajuu no Chi.mp3",1,131257897894544774
"X:\Dropbox\Music\2016 - 12\Fullmetal Alchemist Brotherhood OST - 03 - The Awakening.mp3",1,131257897205843127
"X:\Dropbox\Music\2016 - 12\Macklemore & Ryan Lewis - Dance Off (Feat. Idris Elba).mp3",1,131257896309069021
"X:\Dropbox\Music\2016 - 10\Joe Hisaishi - Path of the Wind.mp3",1,131257894520637994
"X:\Dropbox\Music\2016 - 10\Joe Hisaishi - One Summer's Day.mp3",1,131257894014911609
"X:\Dropbox\Music\2016 - 12\Peace (full).mp3",1,131257893707566721
"C:\Users\Toshiba PC\Downloads\Compressed\[2016-12-09] - 03 - Purpose.of.MT.2016.720p.HDRip.mp4",1,131257854845133956
"C:\Users\Toshiba PC\Downloads\Compressed\[2016-12-09] - 01 - Prostitution.2016.HDRip.mp4",1,131257827813181438
"C:\Users\Toshiba PC\Downloads\Music\tumblr_o72o8cGf3r1uho92ro1.mp3",1,131257712328243584
"C:\Users\Toshiba PC\Desktop\2016 - 12\Fairy Tail Sad Theme Song.mp3",1,131257688003218357
"X:\Dropbox\python\Assignments\binary.py",1,131257375554845440
"C:\Users\Toshiba PC\Desktop\2016 - 12\Black Cat Soundtrack - Kuroki Neko.mp3",1,131257351951751260
"C:\Users\Toshiba PC\Desktop\2016 - 12\Black Cat Soundtrack - Yajuu no Chi.mp3",1,131257351855187976
"C:\Users\Toshiba PC\Desktop\2016 - 12\Fairy Tail Ost 1 - 07 -  Mirajane no Theme.mp3",1,131257351578577191
"C:\Users\Toshiba PC\Desktop\2016 - 12\God of War [Ps4] Soundtrack - Main Theme [E3 2016] [Hd].mp3",1,131257349812719240
"X:\Dropbox\Public\configs\vim\.vim\plugged\vim-repeat",1,131257343030934949
"C:\Users\Toshiba PC\Desktop\vim",1,131257332974318153
"X:\Dropbox\Public\configs\vim\.vim\bundle\renamer.vim\plugin\renamer.vim",1,131257020915767864
"X:\Dropbox\Public\configs\vim\.vim\plugged\renamer.vim\plugin\renamer.vim",1,131257019536689758
"X:\Dropbox\Public\configs\vim\.vim\plugged\vim-multiple-cursors\autoload\multiple_cursors.vim",1,131256995429443184
"X:\Dropbox\Public\configs\vim\.vim\plugged\targets.vim\autoload\targets.vim",1,131256979654669890
"X:\Dropbox\Public\configs\vim\.vim\plugged\delimitMate\autoload\delimitMate.vim",1,131256978688515115
"X:\Dropbox\Public\configs\vim\.vim\plugged\vim-textobj-user",1,131256977761085633
"X:\Dropbox\Public\configs\vim\.vim\plugged\vim-surround\plugin\surround.vim",1,131256971388167734
"C:\Users\Toshiba PC\Desktop\2016 - 07\download.bat",1,131256623360482017
"X:\Videos\Movies\Korean Movies\The Man From Nowhere (2010)\The Man From Nowhere (2010).MP4",1,131256599963268207
"C:\Users\Toshiba PC\Downloads\Video\kr\Kitty Reacts - 3.MP4",1,131256594799556354
"C:\Users\Toshiba PC\Downloads\Video\477b.MP4",1,131256587920054665
"C:\Users\Toshiba PC\Downloads\Documents\MinWtTriangulation.ppt",1,131256459179828473
"C:\Users\Toshiba PC\Downloads\Documents\skipList.ppt",1,131256458930236349
"C:\Users\Toshiba PC\Downloads\Documents\pgaggr.ppt",1,131256454538282908
"C:\Users\Toshiba PC\Downloads\Compressed\08.12.2016 AM.zip",1,131256383835488044
"C:\Users\Toshiba PC\Downloads\Video\Vivek Bose (shree) _ CakeResume.pdf",1,131255964162039212
"C:\Users\Toshiba PC\Downloads\Video\Anjana Vakil- Learning Functional Programming with JavaScript - JSUnconf 2016 - YouTube.MKV",1,131255953441490041
"C:\Users\Toshiba PC\Downloads\Video\xvideos.com 958cb9cf56ca76269c590c552227392e.flv",1,131255902815017845
"C:\Users\Toshiba PC\Desktop\Date Sheet.pdf",1,131255882836912848
"X:\Dropbox\Docs\Sem3\Compre Date Sheet.pdf",1,131255882722377705
"X:\Dropbox\Music\2015 - 09\Akira Senju - Again.mp3",1,131255867887088681
"C:\Users\Toshiba PC\Downloads\Video\Pirates of the Caribbean - The Curse of the Black Pearl - Jack's Entrance - YouTube.MKV",1,131255743267676356
"C:\Users\Toshiba PC\Downloads\Compressed\07.12.2016 AM.zip",1,131255583346555286
"C:\Users\Toshiba PC\Downloads\Documents\Time_Value_of_Money.ppt",1,131255565853493032
"C:\Users\Toshiba PC\Downloads\Documents\Capital_Budgeting_-3.ppt",1,131255556696313883
"C:\Users\Toshiba PC\Downloads\Documents\Capital_Budgeting_-2.ppt",1,131255556411230152
"C:\Users\Toshiba PC\Downloads\Documents\Capital_Budgeting_-1.ppt",1,131255556121857155
"C:\Users\Toshiba PC\Downloads\Compressed\Jai_notes.cbr",1,131255520889880815
"C:\Users\Toshiba PC\Desktop\Economics\Eco Notes - 1.pdf",1,131255250296466530
"C:\Users\Toshiba PC\Desktop\Economics\Eco Notes - 2.pdf",1,131255250119454186
"C:\Users\Toshiba PC\Desktop\Economics\Shreya Notes - 2 - Economics (After mid 1 to mid 2).pdf",1,131255231656497927
"C:\Users\Toshiba PC\Downloads\Compressed\LibreOffice_5.2.3_Win_x86.msi",1,131255119782489554
"C:\Users\Toshiba PC\Downloads\Compressed\LibreOffice_5.2.3_Win_x86.man",1,131255118995254191
"C:\Users\Toshiba PC\Downloads\Video\NIT Trichy Guest Lecture - Debarghya Das - YouTube.MKV",1,131254409637878053
"X:\Dropbox\text\txt\Naruto_Fights.txt",1,131254309294951069
"C:\Users\Toshiba PC\Downloads\Video\Unity 5 Tutorial Fight System Similar to Assassins Creed Part 1 - YouTube.MKV",1,131253840971862571
"C:\HOME\.vim\bundle\vim-textobj-python",1,131253481575866194
"C:\HOME\.nvim\autoload\pathConverter.vim",1,131253473519806666
"C:\Users\Toshiba PC\Desktop\static\backup.md",1,131253451371838518
"C:\Users\Toshiba PC\Desktop\static\1.md",1,131253451329408692
"C:\Users\Toshiba PC\Desktop\static\mds\3.md",1,131253451128047298
"C:\Users\Toshiba PC\Desktop\static\mds\2.md",1,131253451030436843
"C:\Users\Toshiba PC\Desktop\static\htmls\2.html",1,131253449422035835
"C:\Users\Toshiba PC\Desktop\CG Report 3.docx",1,131253300087239226
"C:\Users\Toshiba PC\Desktop\CG Report 2.docx",1,131253294840923376
"C:\Users\Toshiba PC\Desktop\cg.pptx",1,131253291329172917
"X:\Dropbox\Music\2014 - 09\05. Counterattack Mankind.mp3",1,131253119017810546
"C:\Users\Toshiba PC\Downloads\Video\476b.MP4",1,131253107715672564
"C:\Users\Toshiba PC\Downloads\Video\kr\Kitty Reacts - 9.MKV",1,131253104631645430
"C:\Users\Toshiba PC\Downloads\Video\Funny Lee Kwang Soo Enjoy His Fame As Jang Dong Gun In Viet Nam - YouTube.MKV",1,131253096710098009
"C:\Users\Toshiba PC\Downloads\Video\The Legend of ZELDA- BREATH Of The WILD (E3 2016) TRAILER REACTION & REVIEW!!! - YouTube.MKV",1,131253096500118552
"C:\Users\Toshiba PC\Downloads\Video\From Here On Out - YouTube.MKV",1,131253096079333183
"C:\Users\Toshiba PC\Downloads\Video\ΛLDNOΛH.RIDER - Streamable.MP4",1,131253095818465055
"C:\Users\Toshiba PC\Downloads\Video\In-Between Takes With Ryan Right & Brandi Price!!! - YouTube.MKV",1,131253095679553842
"C:\Users\Toshiba PC\Downloads\Video\Kanye West - Fade (Explicit) - YouTube.MKV",1,131253093883620961
"C:\Users\Toshiba PC\Downloads\Video\Blossom Team- Iroha x 8man - Streamable.MP4",1,131253093594876529
"C:\Users\Toshiba PC\Downloads\Video\581289858.mp4",1,131253092687652899
"C:\Users\Toshiba PC\Downloads\Video\ypjxgv.mp4",1,131253092642310153
"C:\Users\Toshiba PC\Downloads\Video\My Clips\Kids on the Slope - Rooftop Scene.mp4",1,131253091784233215
"C:\Users\Toshiba PC\Downloads\Video\ovduan.mp4",1,131253091658294316
"C:\Users\Toshiba PC\Downloads\Video\etzjgc.mp4",1,131253091274421873
"C:\Users\Toshiba PC\Downloads\Video\Fairy Tail E92-96 - YouTube.MKV",1,131253060721862394
"C:\Users\Toshiba PC\Downloads\Video\kr\Kitty Reacts - 1.MKV",1,131252629359901493
"C:\Users\Toshiba PC\Desktop\Season 7\Modern.Family.S07E04.mkv",1,131249836991140888
"C:\Users\Toshiba PC\Desktop\Season 7\Modern.Family.S07E03.mkv",1,131249832595637235
"C:\Users\Toshiba PC\Downloads\Compressed\2016-30-11 - 1 -Bare.Skin.2016.720p.HDRip.mp4",1,131249775307640620
"X:\Dropbox\python\Webscraping\KoreanMovieLinkGetter\results\2016-11-30.html",1,131249670802586102
"C:\Users\Toshiba PC\Downloads\Documents\G8_CG.pdf",1,131248955011990134
"C:\Users\Toshiba PC\Downloads\Documents\R-Trees_2.ppt",1,131248882694435564
"C:\Users\Toshiba PC\Downloads\Documents\IR Tree.pdf",1,131248806804254311
"X:\Dropbox\python\Webscraping\KoreanMovieLinkGetter\src\asyncs3.py",1,131248337569835700
"C:\Scripts\Python35\Lib\site-packages\pandocfilters-1.4.1-py3.5.egg-info",1,131247078638288040
"C:\Users\Toshiba PC\Desktop\YourSerie.COM_Modern.Family.S06E17.720p.5.1Ch.Web-DL.ReEnc-DeeJayAhmed.mkv",1,131246334936306068
"X:\Videos\Misc\Standup\Bill Burr - I'm Sorry You Feel That Way.mp4",1,131246286542655470
"C:\Users\Toshiba PC\Downloads\Documents\SOP.pdf",1,131245572810584279
"C:\Users\Toshiba PC\Desktop\pwc\Vivek Bose - Documents.rar",1,131245534058576859
"C:\Users\Toshiba PC\Desktop\YourSerie.COM_Modern.Family.S06E12.720p.5.1Ch.Web-DL.ReEnc-DeeJayAhmed.srt",1,131245456955056616
"C:\Users\Toshiba PC\Downloads\Compressed\Haru.2014.HDRip.mp4",1,131245451508272740
"X:\Dropbox\python\Webscraping\KoreanMovieLinkGetter\results\2016-11-17.html",1,131245394034952568
"C:\Program Files\MiKTeX 2.9\doc\dvipdfm\something.pdf",1,131245337915358581
"C:\Users\Toshiba PC\Desktop\Timetable.PNG - Shortcut.lnk",1,131244884422408874
"C:\Users\Toshiba PC\Desktop\money.txt",1,131244426575413099
"X:\Dropbox\Photos\Personal Details\Pan.Card.jpg",1,131243881393368111
"C:\Users\Toshiba PC\Downloads\Compressed\Vol. 1.cbr",1,131243512329249941
"C:\Users\Toshiba PC\Downloads\Compressed\Koibana Onsen Vol. 02.part2.rar",1,131242918837066474
"C:\Users\Toshiba PC\Downloads\Compressed\Koibana Onsen Vol. 02.part2.cbr",1,131242918431999683
"C:\Program Files\GIMP 2\bin\gimp-2.8.exe",1,131242570822767660
"C:\Users\Toshiba PC\Downloads\Video\Blind Reaction- Fairy Tail Episodes 76-78 [Redirect].MP4",1,131241797165833419
"C:\Users\Toshiba PC\Downloads\transcript.html",1,131241769980421258
"C:\Users\Toshiba PC\Downloads\Video\Ore Monogatari!! Episode 004 - Watch Ore Monogatari!! Episode 004 online in high quality.MP4",1,131239599370142743
"C:\Users\Toshiba PC\Downloads\Video\Ore Monogatari!! Episode 002 - Watch Ore Monogatari!! Episode 002 online in high quality.MP4",1,131239397801784591
"X:\Dropbox\Music\2015 - 01\Houdini.mp3",1,131238532803743059
"X:\Dropbox\Music\2016 - 04\Jennifer Saunders - Holding Out For a Hero.mp3",1,131238531489740359
"X:\Dropbox\Music\2014 - 09\Hans Zimmer & John Powell - Kung Fu Panda - 08 - Sacred Pool Of Tears.mp3",1,131238530604629297
"X:\Dropbox\Music\2014 - 12\End Credit Music.mp3",1,131238530409947824
"X:\Dropbox\Music\2014 - 09\Cara Mia Addio.mp3",1,131238521895765148
"X:\Dropbox\Music\2015 - 01\Ben Cocks - Watch the world.mp3",1,131238520849873452
"X:\Dropbox\Music\2016 - 05\BABYMETAL - Babymetal - 02 - Megitsune.mp3",1,131238519175424368
"C:\Users\Toshiba PC\Downloads\Music\todo\2016 - 03\Audiophile Trax - Epic.mp3",1,131238519071722031
"X:\Dropbox\Music\2015 - 05\Perfume - Laser Beam.mp3",1,131238512755506321
"C:\Users\Toshiba PC\Downloads\Compressed\Kubo.And.The.Two.Strings.2016.BDRip.x264-GECKOS_snahp.it.rar",1,131238390343587284
"C:\Users\Toshiba PC\Downloads\Programs\MegaDownloader_v1.7.exe",1,131238384728345887
"X:\Dropbox\python\Webscraping\KoreanMovieLinkGetter\results\2016-10-25.html",1,131238354623204269
"C:\Users\Toshiba PC\Downloads\Video\Westworld.S01E06.The.Adversary.1080p.HBO.WEBRip.DD5.1.H.264-monkee.mkv",1,131237724375635650
"C:\Users\Toshiba PC\Downloads\Video\Westworld.S01E05.720p.HDTV.x264-AVS.mkv",1,131237682438819112
"X:\Dropbox\js\youtube-channel-extractor.js",1,131237119097192786
"C:\Users\Toshiba PC\Desktop\Shokugeki no Soma ORIGINAL SOUNDTRACK 1\Shokugeki no Soma OST (Vol.2) - 31 - Food War Outbreak!!.mp3",1,131237117649505028
"C:\Users\Toshiba PC\Desktop\Shokugeki no Soma ORIGINAL SOUNDTRACK 1\Shokugeki no Soma OST (Vol.2) - 13 - The Jewels Era .mp3",1,131237115949880481
"C:\Users\Toshiba PC\Desktop\Shokugeki no Soma ORIGINAL SOUNDTRACK 1\Shokugeki no Soma OST (Vol.2) - 12 - Blessing from the Country of the Fish .mp3",1,131237115890108168
"C:\Users\Toshiba PC\Desktop\Shokugeki no Soma ORIGINAL SOUNDTRACK 1\Shokugeki no Soma OST (Vol.2) - 11 - Dancing the Taste Test.mp3",1,131237115814767924
"C:\Users\Toshiba PC\Desktop\Shokugeki no Soma ORIGINAL SOUNDTRACK 1\Shokugeki no Soma OST - 27 - Lured to the Aroma of the Sea .mp3",1,131237115509253834
"C:\Users\Toshiba PC\Desktop\Shokugeki no Soma ORIGINAL SOUNDTRACK 1\Shokugeki no Soma OST - 21 - One's Soul Food .mp3",1,131237114563814516
"C:\Users\Toshiba PC\Desktop\Shokugeki no Soma ORIGINAL SOUNDTRACK 1\Shokugeki no Soma OST - 12 - The Meat Sonata .mp3",1,131237113447481051
"C:\Users\Toshiba PC\Desktop\Shokugeki no Soma ORIGINAL SOUNDTRACK 1\Shokugeki no Soma OST - 11 - Meat Master .mp3",1,131237113405729781
"C:\Users\Toshiba PC\Desktop\Shokugeki no Soma ORIGINAL SOUNDTRACK 1\Shokugeki no Soma OST - 10 - The Girl that came from the Region of Fish .mp3",1,131237113287271275
"C:\Users\Toshiba PC\Desktop\Shokugeki no Soma ORIGINAL SOUNDTRACK 1\Shokugeki no Soma OST - 07 - Study Both Sweet and Sour! .mp3",1,131237113219248209
"C:\Users\Toshiba PC\Desktop\Shokugeki no Soma ORIGINAL SOUNDTRACK 1\Shokugeki no Soma OST - 05 - Rice, Sides, It's A Feast! .mp3",1,131237113167749948
"C:\Users\Toshiba PC\Desktop\Shokugeki no Soma Original Soundtrack 2 MP3\Shokugeki no Soma OST (Vol.2) - 31 - Food War Outbreak!!.mp3",1,131237108631996264
"C:\Users\Toshiba PC\Desktop\Shokugeki no Soma ORIGINAL SOUNDTRACK 1\Shokugeki no Soma OST - 24 - Deliberations Spoken on the Tip of the Tongue .mp3",1,131236201563146750
"C:\Users\Toshiba PC\Downloads\Video\Shokugeki no Souma Episode 012 - Watch Shokugeki no Souma Episode 012 online in high quality.MP4",1,131236069707099970
"C:\Users\Toshiba PC\Downloads\Video\Shokugeki no Soma S2 Episode 005 - Watch Shokugeki no Soma S2 Episode 005 online in high quality.MP4",1,131235988695380573
"X:\Dropbox\js\youtube-playlist-extractor.js",1,131235948768814375
"C:\Users\Toshiba PC\Downloads\Video\Shokugeki no Soma S2 Episode 001 - Watch Shokugeki no Soma S2 Episode 001 online in high quality.MP4",1,131235786750140957
"C:\Users\Toshiba PC\Downloads\Video\Shokugeki no Souma Episode 020 - Watch Shokugeki no Souma Episode 020 online in high quality.MP4",1,131235701035348346
"X:\Videos\Movies\Inside Out\Inside Out (2015).mp4",1,131235086791699928
"C:\Users\Toshiba PC\Downloads\Video\Shokugeki no Souma Episode 007 - Watch Shokugeki no Souma Episode 007 online in high quality.MP4",1,131234850222919904
"C:\Users\Toshiba PC\Downloads\Video\Wednesday Campanella - Basho Matsuo.MKV",1,131234495392517997
"X:\Dropbox\Music\2015 - 09\Suiyobi No Campanella - Momotaro.mp3",1,131233719670526904
"C:\Users\Toshiba PC\Downloads\Video\Blender Beginner Tutorial - Part 1- User Interface - YouTube.MKV",1,131232810243923126
"C:\Users\Toshiba PC\Downloads\Music\todo\2016 - 04\Hans Zimmer - First Step.mp3",1,131232227002777923
"X:\Videos\Misc\Animation\DemoD's Rant on Sakura Trick.mkv",1,131231935546868978
"C:\Users\Toshiba PC\Downloads\Video\2 Guys, 2 GoPros, 1 Fox, and a massive warehouse! - YouTube.MKV",1,131231934672837179
"C:\Users\Toshiba PC\Downloads\Video\The K2 Episode 1 - Watch The K2 Episode 1 online in high quality.MP4",1,131231908861260835
"X:\Dropbox\Music\2015 - 01\Clean Bandit - Up Again (feat. Rae Morris).mp3",1,131231417083655696
"C:\Users\Toshiba PC\Downloads\Compressed\Pomegranate.cbr",1,131231037234637154
"C:\Users\Toshiba PC\Downloads\Video\Porter Robinson & Madeon - Shelter (Official Video) (Short Film with A-1 Pictures & Crunchyroll) - YouTube.MKV",1,131219661990899959
"C:\Users\Toshiba PC\Downloads\Video\Category Theory 6.1- Functors - YouTube.MP4",1,131218705348769353
"C:\Users\Toshiba PC\Downloads\Video\Tutorial- How to make a 3D Radial Button for Mobile VR in Unity - YouTube.MKV",1,131218655238162818
"C:\Users\Toshiba PC\Downloads\Video\SNL - 100 Floors Of Frights With Tom Hanks (Complete Sketch 2016) - YouTube.MKV",1,131217714411427352
"C:\Users\Toshiba PC\Downloads\Video\-Logan- Trailer - Group Reaction - YouTube.MKV",1,131217705891943701
"C:\Users\Toshiba PC\Desktop\CG Book.pdf",1,131217683290758638
"C:\Users\Toshiba PC\AppData\Roaming\Microsoft\Windows\Recent\i01.mp4.lnk",1,131215925591837710
"C:\Users\Toshiba PC\Downloads\Documents\C45.ppt",1,131215848296371095
"C:\Users\Toshiba PC\Downloads\Crawford_ID3_Presentation (1).pptx",1,131215838652123313
"X:\Videos\Archive\Running Man\061 - 080\Running Man 063 - SNSD 1 of 2.flv",1,131215238954972388
"C:\Users\Toshiba PC\Downloads\Video\Category Theory 3.2- Kleisli category - YouTube.MP4",1,131215201626124883
"C:\Users\Toshiba PC\Downloads\Music\Furi\Furi Original Soundtrack - 09 - The Toxic Avenger - Make this right.mp3",1,131214470993420179
"X:\Videos\Archive\Running Man\001 - 020\Running Man 014 - Lizzy!.mp4",1,131214457158541522
"X:\Dropbox\Music\2016 - 05\Kendrick Lamar - i (Live on SNL).mp3",1,131214440159112139
"C:\Users\Toshiba PC\Downloads\Video\Category Theory 3.1- Examples of categories, orders, monoids - YouTube.MP4",1,131214235466779934
"C:\Program Files (x86)\Glary Utilities 5\EmptyFolderFinder.exe",1,131214185767720526
"C:\Program Files (x86)\Glary Utilities 5\DiskCleaner.exe",1,131214131877975986
"C:\Users\Toshiba PC\Desktop\wi-ms2",1,131214122621291027
"C:\Users\Toshiba PC\AppData\Roaming\IDM\tron\resources\stage_1_tempclean\ccleaner\CCleaner.exe",1,131213718281395249
"X:\Videos\Archive\Running Man\001 - 020\Running Man 017 - Jung Yonghwa (CNBlue), Ko Joo-won.mp4",1,131213372326672437
"X:\Videos\Archive\Running Man\001 - 020\Running Man 011 - Jung Yong hwa CN Blue, and Kim Je dong!.mp4",1,131213372092306873
"X:\Videos\Archive\Running Man\001 - 020\Running Man 007 - Eunjuong T ara, Jo Kwon 2AM, and Jung Yong hwa CN Blue!.mp4",1,131213371914350627
"C:\Python27\python.exe",1,131213276219536164
"X:\Dropbox\Music\2015 - 09\Girl's Generation - I Got A Boy.mp3",1,131213234612398676
"C:\Users\Toshiba PC\AppData\Roaming\Microsoft\Windows\Recent\Korean Movies (2).lnk",1,131212781644980648
"C:\Users\Toshiba PC\Downloads\Video\Donald Trump vs. Hillary Clinton Town Hall Debate Cold Open - SNL - EachVideo.com.MP4",1,131211769047075287
"C:\Users\Toshiba PC\Downloads\Video\SNL Hilariously Cold Open Debate 2 - Last Week’s Trump_Clinton Debate 15_10_16 - YouTube.MP4",1,131211768989333308
"C:\Users\Toshiba PC\Desktop\Project Report 1 - Vivek Bose.docx",1,131211573027941970
"C:\Users\Toshiba PC\Downloads\Video\Inside AWESOME! - Episode 1 - YouTube.MKV",1,131211539593733750
"X:\Dropbox\Music\2014 - 09",1,131210342222425790
"X:\Dropbox\Music\2016 - 02\07 - Storm Is Coming.mp3",1,131210336504233104
"X:\Dropbox\Music\2014 - 09\Fairy Tail -Piano (Happy).mp3",1,131210332859659215
"X:\Dropbox\Music\2015 - 03\23 Asami and Hiroshi - Korra Airbends.mp3",1,131210330131893027
"X:\Dropbox\Music\2015 - 03\18 Firebending Training.mp3",1,131210327505316058
"X:\Unity Projects\VRTesting\VRTesting.sln",1,131209800761025957
"C:\Users\Toshiba PC\Desktop\Shortcuts\ChromeSetup.exe",1,131209297352716860
"X:\Music & Code\6-Hour - EvE Online Ambient Music.mp3",1,131209278555814046
"C:\Users\Toshiba PC\Downloads\Video\How to use Cardboard Reticle- VR Gaze Pointer_Cursor, Cardboard Button, & Gaze Input - YouTube.MKV",1,131209265296950340
"X:\Dropbox\Music\2014 - 09\Bob Dylan - Like a Rolling Stone.mp3",1,131208437520406650
"C:\Users\Toshiba PC\Downloads\Programs\Photoshop_Set-Up.exe",1,131208133171201286
"X:\Dropbox\Music\2015 - 03\Hungarian Rhapsody No. 2.mp3",1,131208063092156118
"X:\Dropbox\Music\2015 - 03\Cello Suite No 1.mp3",1,131208056057860980
"X:\Dropbox\Music\2016 - 06\Bach - Cello Suite No. 1 in G Major.mp3",1,131208055808140916
"C:\Program Files\Unity\Editor\Unity.exe",1,131207745400572109
"C:\Users\Toshiba PC\Downloads\Video\Live Report - SNL - EachVideo.com.MP4",1,131207528595711722
"X:\Dropbox\hash.txt",1,131206798698488532
"C:\Users\Toshiba PC\Downloads\Video\Yahari Ore no Seishun Love Comedy wa Machigatteiru. (Sub) Episode 001 - Watch Yahari Ore no Seishun Love Comedy wa Machigatteiru. (Sub) Episode 001 online in high quality.MP4",1,131203269436148845
"X:\Dropbox\Music\2015 - 09\Girl's Generation - Gee.mp3",1,131203202016925948
"C:\Users\Toshiba PC\Downloads\Documents\Archive\Vivek Bose Resume.pdf",1,131203113756038286
"C:\Users\Toshiba PC\Downloads\Video\Chinese #18 - movie 2016 - YouTube.MKV",1,131202377927195364
"C:\Users\Toshiba PC\Downloads\Video\Avatar- The Last Airbender 1x16 REACTION!! -The Deserter- - YouTube.MKV",1,131200760913205530
"C:\Users\Toshiba PC\Downloads\Video\The Saddest Scene in Fairy Tail - YouTube.MKV",1,131199824667740685
"C:\Users\Toshiba PC\AppData\Roaming\vlc\art\artistalbum\Yasuharu Takanashi\Fairy Tail Original Soundtrack",1,131199087766427458
"C:\Program Files (x86)\Android\android-sdk",1,131198885649678234
"X:\Dropbox\Music\2014 - 11\The Kingpins - L'Aventurier.mp3",1,131198810394550849
"C:\Users\Toshiba PC\Downloads\Video\Naruto Shippuuden (Sub) Episode 476 - Watch Naruto Shippuuden (Sub) Episode 476 online in high quality.MP4",1,131198748175991008
"C:\Users\Toshiba PC\Downloads\Video\Yahari Ore no Seishun Love Comedy wa Machigatteiru. Zoku Episode 008 - Watch Yahari Ore no Seishun Love Comedy wa Machigatteiru. Zoku Episode 008 online in high quality.MP4",1,131197829139500497
"C:\Users\Toshiba PC\Desktop\Deezloader",1,131197762407508985
"X:\Dropbox\Music\2016 - 05\Alexandrov Ensemble - National Anthem of USSR.mp3",1,131196278988518709
"C:\Users\Toshiba PC\Downloads\Video\Game 147- Arabia Part 7 - YouTube.MKV",1,131196065574128456
"C:\Users\Toshiba PC\Downloads\Video\Game 147- Arabia Part 6 - YouTube.MKV",1,131196035088549269
"C:\Users\Toshiba PC\Downloads\Video\Game 147- Arabia Part 5 - YouTube.MKV",1,131195897524291641
"C:\Users\Toshiba PC\Downloads\Video\Game 147- Arabia Part 4.mp4",1,131195611496887892
"C:\Users\Toshiba PC\Downloads\Video\Game 147- Arabia Part 3 - YouTube.MKV",1,131195444609096890
"C:\Users\Toshiba PC\Downloads\Video\Game 147- Arabia Part 2 - YouTube.MKV",1,131195330290175095
"X:\Dropbox\Photos\Personal Details",1,131195306571002680
"C:\Users\Toshiba PC\Downloads\Video\Avatar- The Last Airbender 1x15 REACTION!! -Bato of the Water Tribe- - YouTube.MP4",1,131194436956934294
"C:\Users\Toshiba PC\Downloads\Video\Stranger Things -Chapter Seven- The Bathtub- REACTION!! - YouTube.MKV",1,131194267673574430
"X:\Videos\Archive\Running Man\061 - 080\Running Man 075 - Choi Si-won (Super Junior), Hyorin (Sistar), Minho (Shinee), Sohee (Wonder Girls) and Sulli (f(x)) .MP4",1,131193972742409604
"X:\Dropbox\python\Webscraping\KoreanMovieLinkGetter",1,131193686894473189
"C:\Users\Toshiba PC\AppData\Roaming\Microsoft\Windows\Recent\Veep.S03E01.480p.WEB-DL.x264-Sticky83.mkv.lnk",1,131192999988324291
"C:\Users\Toshiba PC\Desktop\Mega\Kyle Dixon & Michael Stein - Stranger Things, Vol. 2 (A Netflix Original Series Soundtrack) (2016)",1,131192689119364116
